learning_rate,mlp_accuracy,cnn_accuracy
0.0001,41.296,62.455999999999996
0.001,51.62,78.07
0.01,30.971999999999998,54.648999999999994
0.1,20.648,39.035
